"system","user","assistant","language","topic","level","domain"
"Eres contador especializado en planificación financiera personal.","¿Qué es el ahorro?","El ahorro es la porción del ingreso que no se destina al consumo y se reserva para uso futuro o inversión.","es","savings","basic","personal_finance"
"You are a certified public accountant specialized in personal finance.","What is saving?","Saving is the portion of income not allocated to consumption and reserved for future use or investment.","en","savings","basic","personal_finance"
"Eres contador especializado en planificación financiera personal.","¿Qué es un fondo de emergencia?","Un fondo de emergencia es una reserva líquida destinada a cubrir gastos imprevistos sin recurrir a endeudamiento.","es","emergency_fund","basic","personal_finance"
"You are a certified public accountant specialized in personal finance.","What is an emergency fund?","An emergency fund is a liquid reserve intended to cover unexpected expenses without relying on debt.","en","emergency_fund","basic","personal_finance"
"Eres contador especializado en planificación financiera personal.","¿Qué es el ingreso neto?","El ingreso neto es el monto disponible después de deducir impuestos y otras retenciones obligatorias.","es","income","basic","personal_finance"
"You are a certified public accountant specialized in personal finance.","What is net income?","Net income is the amount remaining after taxes and mandatory deductions are subtracted.","en","income","basic","personal_finance"
"Eres contador especializado en planificación financiera personal.","¿Qué es un gasto fijo?","Un gasto fijo es una erogación recurrente cuyo monto se mantiene relativamente constante en el tiempo.","es","expenses","basic","personal_finance"
"You are a certified public accountant specialized in personal finance.","What is a fixed expense?","A fixed expense is a recurring expenditure that remains relatively constant over time.","en","expenses","basic","personal_finance"
"Eres contador especializado en planificación financiera personal.","¿Qué es un gasto variable?","Un gasto variable es un desembolso cuyo monto fluctúa según el nivel de consumo o actividad.","es","expenses","basic","personal_finance"
"You are a certified public accountant specialized in personal finance.","What is a variable expense?","A variable expense is a cost that fluctuates depending on consumption or activity level.","en","expenses","basic","personal_finance"
"Eres contador especializado en planificación financiera personal.","¿Qué es el patrimonio neto?","El patrimonio neto es la diferencia entre los activos totales y los pasivos totales de una persona.","es","net_worth","intermediate","personal_finance"
"You are a certified public accountant specialized in personal finance.","What is net worth?","Net worth is the difference between an individual's total assets and total liabilities.","en","net_worth","intermediate","personal_finance"
"Eres contador especializado en planificación financiera personal.","¿Qué es un activo?","Un activo es un recurso económico que posee una persona y que puede generar beneficios futuros.","es","assets","basic","personal_finance"
"You are a certified public accountant specialized in personal finance.","What is an asset?","An asset is an economic resource owned by an individual that is expected to generate future benefits.","en","assets","basic","personal_finance"
"Eres contador especializado en planificación financiera personal.","¿Qué es un pasivo?","Un pasivo es una obligación financiera que representa una deuda pendiente de pago.","es","liabilities","basic","personal_finance"
"You are a certified public accountant specialized in personal finance.","What is a liability?","A liability is a financial obligation representing a debt that must be settled.","en","liabilities","basic","personal_finance"
"Eres contador especializado en planificación financiera personal.","¿Qué es la inflación?","La inflación es el aumento generalizado y sostenido de los precios que reduce el poder adquisitivo del dinero.","es","inflation","intermediate","personal_finance"
"You are a certified public accountant specialized in personal finance.","What is inflation?","Inflation is the sustained increase in the general price level, which reduces purchasing power.","en","inflation","intermediate","personal_finance"
"Eres contador especializado en planificación financiera personal.","¿Qué es la diversificación?","La diversificación es una estrategia que consiste en distribuir inversiones para reducir el riesgo total.","es","investments","intermediate","personal_finance"
"You are a certified public accountant specialized in personal finance.","What is diversification?","Diversification is an investment strategy that spreads assets to reduce overall risk.","en","investments","intermediate","personal_finance"
"Eres contador especializado en planificación financiera personal.","¿Qué es el riesgo financiero?","El riesgo financiero es la posibilidad de sufrir pérdidas debido a cambios en variables económicas o de mercado.","es","risk_management","intermediate","personal_finance"
"You are a certified public accountant specialized in personal finance.","What is financial risk?","Financial risk is the possibility of incurring losses due to changes in economic or market variables.","en","risk_management","intermediate","personal_finance"
"Eres contador especializado en planificación financiera personal.","¿Qué es el interés simple?","El interés simple es el rendimiento calculado únicamente sobre el capital inicial durante un periodo determinado.","es","interest","basic","personal_finance"
"You are a certified public accountant specialized in personal finance.","What is simple interest?","Simple interest is interest calculated solely on the original principal over a given period.","en","interest","basic","personal_finance"
"Eres contador especializado en planificación financiera personal.","¿Qué es la planificación financiera?","La planificación financiera es el proceso de establecer objetivos económicos y diseñar estrategias para alcanzarlos.","es","financial_planning","intermediate","personal_finance"
"You are a certified public accountant specialized in personal finance.","What is financial planning?","Financial planning is the process of setting financial goals and designing strategies to achieve them.","en","financial_planning","intermediate","personal_finance"
"Eres contador especializado en planificación financiera personal.","¿Qué es el flujo de caja personal?","El flujo de caja personal es el registro de entradas y salidas de dinero durante un periodo determinado.","es","cash_flow","basic","personal_finance"
"You are a certified public accountant specialized in personal finance.","What is personal cash flow?","Personal cash flow tracks money inflows and outflows over a specific period.","en","cash_flow","basic","personal_finance"
"Eres contador especializado en planificación financiera personal.","¿Qué es el endeudamiento responsable?","El endeudamiento responsable implica asumir obligaciones financieras dentro de la capacidad real de pago.","es","debt_management","intermediate","personal_finance"
"You are a certified public accountant specialized in personal finance.","What is responsible borrowing?","Responsible borrowing means taking on debt within one's realistic repayment capacity.","en","debt_management","intermediate","personal_finance"
"Eres contador especializado en planificación financiera personal.","¿Qué es el puntaje crediticio?","El puntaje crediticio es un indicador numérico que evalúa la probabilidad de cumplimiento de obligaciones financieras.","es","credit_score","intermediate","personal_finance"
"You are a certified public accountant specialized in personal finance.","What is a credit score?","A credit score is a numerical indicator that assesses the likelihood of repaying financial obligations.","en","credit_score","intermediate","personal_finance"
"Eres contador especializado en planificación financiera personal.","¿Qué es la tasa de interés nominal?","La tasa nominal es el porcentaje establecido contractualmente sin considerar el efecto de la capitalización.","es","interest","advanced","personal_finance"
"You are a certified public accountant specialized in personal finance.","What is a nominal interest rate?","A nominal interest rate is the stated percentage rate without adjusting for compounding effects.","en","interest","advanced","personal_finance"
"Eres contador especializado en planificación financiera personal.","¿Qué es la tasa efectiva?","La tasa efectiva es la tasa real obtenida después de considerar la capitalización en un periodo determinado.","es","interest","advanced","personal_finance"
"You are a certified public accountant specialized in personal finance.","What is an effective interest rate?","An effective interest rate reflects the real return after accounting for compounding within a period.","en","interest","advanced","personal_finance"
"Eres contador especializado en planificación financiera personal.","¿Qué es el ahorro para el retiro?","El ahorro para el retiro es la acumulación sistemática de recursos destinados a financiar la etapa posterior a la vida laboral.","es","retirement_planning","intermediate","personal_finance"
"You are a certified public accountant specialized in personal finance.","What is retirement saving?","Retirement saving is the systematic accumulation of funds to finance life after employment.","en","retirement_planning","intermediate","personal_finance"
"Eres contador especializado en planificación financiera personal.","¿Qué es el valor presente neto aplicado a decisiones personales?","Es la evaluación de decisiones financieras descontando flujos futuros al valor actual para determinar su conveniencia.","es","time_value_of_money","advanced","personal_finance"
"You are a certified public accountant specialized in personal finance.","What is net present value in personal decisions?","It evaluates financial decisions by discounting future cash flows to present value to assess viability.","en","time_value_of_money","advanced","personal_finance"
"Eres contador especializado en planificación financiera personal.","¿Qué es un objetivo financiero?","Un objetivo financiero es una meta cuantificable relacionada con la acumulación o uso eficiente de recursos monetarios.","es","financial_planning","basic","personal_finance"
"You are a certified public accountant specialized in personal finance.","What is a financial goal?","A financial goal is a measurable target related to the accumulation or efficient use of monetary resources.","en","financial_planning","basic","personal_finance"
"Eres contador especializado en planificación financiera personal.","¿Qué es la liquidez personal?","La liquidez personal es la capacidad de convertir activos en efectivo sin pérdida significativa de valor.","es","liquidity","intermediate","personal_finance"
"You are a certified public accountant specialized in personal finance.","What is personal liquidity?","Personal liquidity is the ability to convert assets into cash without significant loss of value.","en","liquidity","intermediate","personal_finance"
"Eres contador especializado en planificación financiera personal.","¿Qué es la asignación de activos?","La asignación de activos es la distribución estratégica del capital entre diferentes clases de inversión.","es","investments","advanced","personal_finance"
"You are a certified public accountant specialized in personal finance.","What is asset allocation?","Asset allocation is the strategic distribution of capital among different investment classes.","en","investments","advanced","personal_finance"
"Eres contador especializado en planificación financiera personal.","¿Qué es el costo de oportunidad?","El costo de oportunidad es el beneficio que se renuncia al elegir una alternativa sobre otra.","es","decision_making","intermediate","personal_finance"
"You are a certified public accountant specialized in personal finance.","What is opportunity cost?","Opportunity cost is the benefit forgone when choosing one alternative over another.","en","decision_making","intermediate","personal_finance"
"Eres contador especializado en planificación financiera personal.","¿Qué es la educación financiera?","La educación financiera es el proceso de adquirir conocimientos y habilidades para tomar decisiones económicas informadas.","es","financial_literacy","basic","personal_finance"
"You are a certified public accountant specialized in personal finance.","What is financial literacy?","Financial literacy is the process of acquiring knowledge and skills to make informed economic decisions.","en","financial_literacy","basic","personal_finance"
"Eres contador especializado en planificación financiera personal.","¿Qué es la consolidación de deudas?","La consolidación de deudas consiste en combinar múltiples obligaciones en un solo préstamo con mejores condiciones.","es","debt_management","advanced","personal_finance"
"You are a certified public accountant specialized in personal finance.","What is debt consolidation?","Debt consolidation combines multiple obligations into a single loan under improved terms.","en","debt_management","advanced","personal_finance"
"Eres contador especializado en planificación financiera personal.","¿Qué es el análisis de rollforward del patrimonio?","Es el proceso de explicar los cambios en el patrimonio neto entre dos fechas identificando aumentos y disminuciones.","es","rollforward","advanced","personal_finance"
"You are a certified public accountant specialized in personal finance.","What is a net worth rollforward analysis?","It explains changes in net worth between two dates by identifying increases and decreases.","en","rollforward","advanced","personal_finance"
"Eres contador especializado en planificación financiera personal.","¿Qué es la tasa de ahorro?","La tasa de ahorro es el porcentaje del ingreso que se destina a ahorro en un periodo determinado.","es","savings","basic","personal_finance"
"You are a certified public accountant specialized in personal finance.","What is a savings rate?","A savings rate is the percentage of income allocated to savings during a given period.","en","savings","basic","personal_finance"
"Eres contador especializado en planificación financiera personal.","¿Qué es el capital financiero?","El capital financiero es el conjunto de recursos monetarios disponibles para inversión o consumo.","es","foundations","basic","personal_finance"
"You are a certified public accountant specialized in personal finance.","What is financial capital?","Financial capital refers to monetary resources available for investment or consumption.","en","foundations","basic","personal_finance"
"Eres contador especializado en planificación financiera personal.","¿Qué es la amortización de una deuda?","La amortización es el proceso de reducir una deuda mediante pagos periódicos que incluyen capital e intereses.","es","debt_management","intermediate","personal_finance"
"You are a certified public accountant specialized in personal finance.","What is debt amortization?","Amortization is the process of reducing debt through periodic payments that include principal and interest.","en","debt_management","intermediate","personal_finance"
"Eres contador especializado en planificación financiera personal.","¿Qué es el capital principal?","El capital principal es el monto original invertido o prestado antes de intereses.","es","interest","basic","personal_finance"
"You are a certified public accountant specialized in personal finance.","What is principal capital?","Principal is the original amount invested or borrowed before interest.","en","interest","basic","personal_finance"
"Eres contador especializado en planificación financiera personal.","¿Qué es la independencia financiera?","La independencia financiera es la capacidad de cubrir gastos sin depender de ingresos laborales activos.","es","financial_planning","advanced","personal_finance"
"You are a certified public accountant specialized in personal finance.","What is financial independence?","Financial independence is the ability to cover living expenses without relying on active employment income.","en","financial_planning","advanced","personal_finance"
"Eres contador especializado en planificación financiera personal.","¿Qué es el apalancamiento financiero?","El apalancamiento financiero es el uso de deuda para aumentar el potencial rendimiento de una inversión.","es","investments","advanced","personal_finance"
"You are a certified public accountant specialized in personal finance.","What is financial leverage?","Financial leverage is the use of borrowed funds to increase the potential return of an investment.","en","investments","advanced","personal_finance"
"Eres contador especializado en planificación financiera personal.","¿Qué es la rentabilidad?","La rentabilidad es la capacidad de una inversión para generar ganancias en relación con el capital invertido.","es","investments","basic","personal_finance"
"You are a certified public accountant specialized in personal finance.","What is profitability?","Profitability is the ability of an investment to generate gains relative to the capital invested.","en","investments","basic","personal_finance"
"Eres contador especializado en planificación financiera personal.","¿Qué es el rendimiento anualizado?","El rendimiento anualizado es la tasa promedio anual que refleja el desempeño de una inversión en varios periodos.","es","investments","intermediate","personal_finance"
"You are a certified public accountant specialized in personal finance.","What is annualized return?","Annualized return is the average yearly rate reflecting investment performance over multiple periods.","en","investments","intermediate","personal_finance"
"Eres contador especializado en planificación financiera personal.","¿Qué es el riesgo sistemático?","El riesgo sistemático es el riesgo inherente al mercado que no puede eliminarse mediante diversificación.","es","risk_management","advanced","personal_finance"
"You are a certified public accountant specialized in personal finance.","What is systematic risk?","Systematic risk is market-wide risk that cannot be eliminated through diversification.","en","risk_management","advanced","personal_finance"
"Eres contador especializado en planificación financiera personal.","¿Qué es el riesgo no sistemático?","El riesgo no sistemático es el riesgo específico de un activo que puede reducirse mediante diversificación.","es","risk_management","advanced","personal_finance"
"You are a certified public accountant specialized in personal finance.","What is unsystematic risk?","Unsystematic risk is asset-specific risk that can be reduced through diversification.","en","risk_management","advanced","personal_finance"
"Eres contador especializado en planificación financiera personal.","¿Qué es la capitalización?","La capitalización es el proceso mediante el cual los intereses generados se reinvierten para producir nuevos intereses.","es","interest","intermediate","personal_finance"
"You are a certified public accountant specialized in personal finance.","What is compounding?","Compounding is the process by which earned interest is reinvested to generate additional interest.","en","interest","intermediate","personal_finance"
"Eres contador especializado en planificación financiera personal.","¿Qué es la capacidad de pago?","La capacidad de pago es la habilidad de cumplir obligaciones financieras según ingresos y gastos disponibles.","es","debt_management","basic","personal_finance"
"You are a certified public accountant specialized in personal finance.","What is repayment capacity?","Repayment capacity is the ability to meet financial obligations based on available income and expenses.","en","debt_management","basic","personal_finance"
"Eres contador especializado en planificación financiera personal.","¿Qué es el índice de endeudamiento personal?","Es la relación entre deudas totales e ingresos o activos disponibles.","es","debt_management","intermediate","personal_finance"
"You are a certified public accountant specialized in personal finance.","What is a personal debt ratio?","It is the relationship between total debt and income or available assets.","en","debt_management","intermediate","personal_finance"
"Eres contador especializado en planificación financiera personal.","¿Qué es la planificación a largo plazo?","Es el diseño de estrategias financieras orientadas a metas futuras de varios años.","es","financial_planning","basic","personal_finance"
"You are a certified public accountant specialized in personal finance.","What is long-term financial planning?","It is the design of financial strategies aimed at goals several years ahead.","en","financial_planning","basic","personal_finance"
"Eres contador especializado en planificación financiera personal.","¿Qué es la volatilidad?","La volatilidad es la variación del precio de un activo en un periodo determinado.","es","investments","intermediate","personal_finance"
"You are a certified public accountant specialized in personal finance.","What is volatility?","Volatility measures the price variation of an asset over a specific period.","en","investments","intermediate","personal_finance"
"Eres contador especializado en planificación financiera personal.","¿Qué es el rendimiento ajustado por riesgo?","Es el retorno obtenido considerando el nivel de riesgo asumido.","es","investments","advanced","personal_finance"
"You are a certified public accountant specialized in personal finance.","What is risk-adjusted return?","It is the return earned relative to the level of risk taken.","en","investments","advanced","personal_finance"
"Eres contador especializado en planificación financiera personal.","¿Qué es el flujo de caja positivo?","Es cuando los ingresos superan los gastos en un periodo determinado.","es","cash_flow","basic","personal_finance"
"You are a certified public accountant specialized in personal finance.","What is positive cash flow?","It occurs when income exceeds expenses during a given period.","en","cash_flow","basic","personal_finance"
"Eres contador especializado en planificación financiera personal.","¿Qué es el flujo de caja negativo?","Es cuando los gastos superan los ingresos en un periodo determinado.","es","cash_flow","basic","personal_finance"
"You are a certified public accountant specialized in personal finance.","What is negative cash flow?","It occurs when expenses exceed income during a given period.","en","cash_flow","basic","personal_finance"
"Eres contador especializado en planificación financiera personal.","¿Qué es la protección financiera?","Es la implementación de mecanismos para reducir el impacto de eventos adversos.","es","risk_management","intermediate","personal_finance"
"You are a certified public accountant specialized in personal finance.","What is financial protection?","It involves mechanisms designed to reduce the impact of adverse events.","en","risk_management","intermediate","personal_finance"
"Eres contador especializado en planificación financiera personal.","¿Qué es la planificación tributaria personal?","Es la organización de finanzas para optimizar obligaciones fiscales dentro del marco legal.","es","tax_planning","advanced","personal_finance"
"You are a certified public accountant specialized in personal finance.","What is personal tax planning?","It is the organization of finances to optimize tax obligations within the legal framework.","en","tax_planning","advanced","personal_finance"
"Eres contador especializado en planificación financiera personal.","¿Qué es el patrimonio acumulado?","Es el total de activos netos construidos a lo largo del tiempo.","es","net_worth","intermediate","personal_finance"
"You are a certified public accountant specialized in personal finance.","What is accumulated wealth?","It is the total net assets built over time.","en","net_worth","intermediate","personal_finance"
"Eres contador especializado en planificación financiera personal.","¿Qué es la estrategia de inversión?","Es el plan estructurado para asignar recursos con el fin de alcanzar objetivos financieros.","es","investments","intermediate","personal_finance"
"You are a certified public accountant specialized in personal finance.","What is an investment strategy?","It is a structured plan for allocating resources to achieve financial goals.","en","investments","intermediate","personal_finance"
"Eres contador especializado en planificación financiera personal.","¿Qué es el análisis costo-beneficio personal?","Es la evaluación de decisiones comparando costos con beneficios esperados.","es","decision_making","intermediate","personal_finance"
"You are a certified public accountant specialized in personal finance.","What is personal cost-benefit analysis?","It evaluates decisions by comparing expected costs and benefits.","en","decision_making","intermediate","personal_finance"
"Eres contador especializado en planificación financiera personal.","¿Qué es la reserva de liquidez?","Es el monto de efectivo disponible para cubrir necesidades inmediatas.","es","liquidity","basic","personal_finance"
"You are a certified public accountant specialized in personal finance.","What is a liquidity reserve?","It is the amount of cash available to meet immediate needs.","en","liquidity","basic","personal_finance"
"Eres contador especializado en planificación financiera personal.","¿Qué es el horizonte de inversión?","Es el periodo estimado durante el cual se mantendrá una inversión antes de necesitar los fondos.","es","investments","intermediate","personal_finance"
"You are a certified public accountant specialized in personal finance.","What is an investment horizon?","It is the expected period an investment will be held before the funds are needed.","en","investments","intermediate","personal_finance"
"Eres contador especializado en planificación financiera personal.","¿Qué es la disciplina financiera?","Es la práctica constante de tomar decisiones económicas responsables y coherentes.","es","financial_literacy","basic","personal_finance"
"You are a certified public accountant specialized in personal finance.","What is financial discipline?","It is the consistent practice of making responsible and coherent financial decisions.","en","financial_literacy","basic","personal_finance"
"Eres contador especializado en planificación financiera personal.","¿Qué son las finanzas personales?","Las finanzas personales son la disciplina que estudia cómo las personas administran sus ingresos, gastos, ahorro e inversiones para lograr estabilidad económica.","es","foundations","basic","personal_finance"
"You are a certified public accountant specialized in personal finance.","What is personal finance?","Personal finance is the discipline that studies how individuals manage income, expenses, savings, and investments to achieve financial stability.","en","foundations","basic","personal_finance"
"Eres contador especializado en planificación financiera personal.","¿Qué es el ingreso personal?","El ingreso personal es el dinero que una persona recibe por trabajo, negocios o inversiones.","es","foundations","basic","personal_finance"
"You are a certified public accountant specialized in personal finance.","What is personal income?","Personal income is the money an individual receives from work, business, or investments.","en","foundations","basic","personal_finance"
"Eres contador especializado en planificación financiera personal.","¿Qué es un gasto?","Un gasto es una salida de dinero destinada a cubrir necesidades o deseos.","es","foundations","basic","personal_finance"
"You are a certified public accountant specialized in personal finance.","What is an expense?","An expense is an outflow of money used to cover needs or wants.","en","foundations","basic","personal_finance"
"Eres contador especializado en planificación financiera personal.","¿Qué es el ahorro?","El ahorro es la parte del ingreso que no se gasta y se reserva para el futuro.","es","foundations","basic","personal_finance"
"You are a certified public accountant specialized in personal finance.","What is saving?","Saving is the portion of income that is not spent and reserved for the future.","en","foundations","basic","personal_finance"
"Eres contador especializado en planificación financiera personal.","¿Qué es un presupuesto?","Un presupuesto es un plan que organiza ingresos y gastos en un periodo determinado.","es","foundations","basic","personal_finance"
"You are a certified public accountant specialized in personal finance.","What is a budget?","A budget is a plan that organizes income and expenses over a specific period.","en","foundations","basic","personal_finance"
"Eres contador especializado en planificación financiera personal.","¿Qué es la estabilidad financiera?","La estabilidad financiera es la capacidad de cumplir obligaciones sin generar estrés económico.","es","foundations","basic","personal_finance"
"You are a certified public accountant specialized in personal finance.","What is financial stability?","Financial stability is the ability to meet obligations without causing financial stress.","en","foundations","basic","personal_finance"
"Eres contador especializado en planificación financiera personal.","¿Qué es un objetivo financiero?","Un objetivo financiero es una meta relacionada con el uso o acumulación de dinero.","es","foundations","basic","personal_finance"
"You are a certified public accountant specialized in personal finance.","What is a financial goal?","A financial goal is a target related to the use or accumulation of money.","en","foundations","basic","personal_finance"
"Eres contador especializado en planificación financiera personal.","¿Qué es la educación financiera?","La educación financiera es el conocimiento necesario para tomar decisiones económicas informadas.","es","foundations","basic","personal_finance"
"You are a certified public accountant specialized in personal finance.","What is financial literacy?","Financial literacy is the knowledge required to make informed economic decisions.","en","foundations","basic","personal_finance"
"Eres contador especializado en planificación financiera personal.","¿Qué es un activo?","Un activo es un recurso que tiene valor económico.","es","foundations","basic","personal_finance"
"You are a certified public accountant specialized in personal finance.","What is an asset?","An asset is a resource that has economic value.","en","foundations","basic","personal_finance"
"Eres contador especializado en planificación financiera personal.","¿Qué es un pasivo?","Un pasivo es una obligación financiera pendiente de pago.","es","foundations","basic","personal_finance"
"You are a certified public accountant specialized in personal finance.","What is a liability?","A liability is a financial obligation that must be paid.","en","foundations","basic","personal_finance"
"Eres contador especializado en planificación financiera personal.","¿Qué es el patrimonio neto?","El patrimonio neto es la diferencia entre activos y pasivos.","es","foundations","basic","personal_finance"
"You are a certified public accountant specialized in personal finance.","What is net worth?","Net worth is the difference between assets and liabilities.","en","foundations","basic","personal_finance"
"Eres contador especializado en planificación financiera personal.","¿Qué es el flujo de caja?","El flujo de caja es el movimiento de dinero que entra y sale en un periodo.","es","foundations","basic","personal_finance"
"You are a certified public accountant specialized in personal finance.","What is cash flow?","Cash flow is the movement of money coming in and going out over a period.","en","foundations","basic","personal_finance"
"Eres contador especializado en planificación financiera personal.","¿Qué es un gasto fijo?","Un gasto fijo es un pago que se repite regularmente con monto similar.","es","foundations","basic","personal_finance"
"You are a certified public accountant specialized in personal finance.","What is a fixed expense?","A fixed expense is a recurring payment with a similar amount each period.","en","foundations","basic","personal_finance"
"Eres contador especializado en planificación financiera personal.","¿Qué es un gasto variable?","Un gasto variable es un pago que cambia según el consumo.","es","foundations","basic","personal_finance"
"You are a certified public accountant specialized in personal finance.","What is a variable expense?","A variable expense is a payment that changes depending on consumption.","en","foundations","basic","personal_finance"
"Eres contador especializado en planificación financiera personal.","¿Qué es la liquidez?","La liquidez es la facilidad para convertir un activo en efectivo.","es","foundations","basic","personal_finance"
"You are a certified public accountant specialized in personal finance.","What is liquidity?","Liquidity is the ease of converting an asset into cash.","en","foundations","basic","personal_finance"
"Eres contador especializado en planificación financiera personal.","¿Qué es el consumo responsable?","El consumo responsable es gastar de acuerdo con los ingresos disponibles.","es","foundations","basic","personal_finance"
"You are a certified public accountant specialized in personal finance.","What is responsible spending?","Responsible spending means using money according to available income.","en","foundations","basic","personal_finance"
"Eres contador especializado en planificación financiera personal.","¿Qué es el control financiero?","El control financiero es el seguimiento continuo de ingresos y gastos.","es","foundations","basic","personal_finance"
"You are a certified public accountant specialized in personal finance.","What is financial control?","Financial control is the ongoing monitoring of income and expenses.","en","foundations","basic","personal_finance"
"Eres contador especializado en planificación financiera personal.","¿Qué es la planificación financiera?","La planificación financiera es el proceso de organizar los recursos económicos para alcanzar metas específicas.","es","foundations","basic","personal_finance"
"You are a certified public accountant specialized in personal finance.","What is financial planning?","Financial planning is the process of organizing economic resources to achieve specific goals.","en","foundations","basic","personal_finance"
"Eres contador especializado en planificación financiera personal.","¿Qué es el ingreso bruto?","El ingreso bruto es el total recibido antes de deducciones o impuestos.","es","foundations","basic","personal_finance"
"You are a certified public accountant specialized in personal finance.","What is gross income?","Gross income is the total amount received before deductions or taxes.","en","foundations","basic","personal_finance"
"Eres contador especializado en planificación financiera personal.","¿Qué es el ingreso disponible?","El ingreso disponible es el dinero que queda después de pagar impuestos y obligaciones básicas.","es","foundations","basic","personal_finance"
"You are a certified public accountant specialized in personal finance.","What is disposable income?","Disposable income is the money remaining after paying taxes and basic obligations.","en","foundations","basic","personal_finance"
"Eres contador especializado en planificación financiera personal.","¿Qué es el gasto discrecional?","El gasto discrecional es el destinado a bienes o servicios no esenciales.","es","foundations","basic","personal_finance"
"You are a certified public accountant specialized in personal finance.","What is discretionary spending?","Discretionary spending refers to money used for non-essential goods or services.","en","foundations","basic","personal_finance"
"Eres contador especializado en planificación financiera personal.","¿Qué es una meta a corto plazo?","Una meta a corto plazo es un objetivo financiero que se espera cumplir en menos de un año.","es","foundations","basic","personal_finance"
"You are a certified public accountant specialized in personal finance.","What is a short-term goal?","A short-term goal is a financial objective expected to be achieved within one year.","en","foundations","basic","personal_finance"
"Eres contador especializado en planificación financiera personal.","¿Qué es una meta a largo plazo?","Una meta a largo plazo es un objetivo financiero que requiere varios años para cumplirse.","es","foundations","basic","personal_finance"
"You are a certified public accountant specialized in personal finance.","What is a long-term goal?","A long-term goal is a financial objective that requires several years to accomplish.","en","foundations","basic","personal_finance"
"Eres contador especializado en planificación financiera personal.","¿Qué es la disciplina de ahorro?","La disciplina de ahorro es la práctica constante de reservar parte del ingreso regularmente.","es","foundations","basic","personal_finance"
"You are a certified public accountant specialized in personal finance.","What is saving discipline?","Saving discipline is the consistent practice of setting aside part of income regularly.","en","foundations","basic","personal_finance"
"Eres contador especializado en planificación financiera personal.","¿Qué es una obligación financiera?","Una obligación financiera es un compromiso de pago adquirido por contrato o acuerdo.","es","foundations","basic","personal_finance"
"You are a certified public accountant specialized in personal finance.","What is a financial obligation?","A financial obligation is a payment commitment established by contract or agreement.","en","foundations","basic","personal_finance"
"Eres contador especializado en planificación financiera personal.","¿Qué es el equilibrio financiero?","El equilibrio financiero ocurre cuando los ingresos cubren adecuadamente los gastos.","es","foundations","basic","personal_finance"
"You are a certified public accountant specialized in personal finance.","What is financial balance?","Financial balance occurs when income adequately covers expenses.","en","foundations","basic","personal_finance"
"Eres contador especializado en planificación financiera personal.","¿Qué es el control de gastos?","El control de gastos es la supervisión sistemática de las salidas de dinero.","es","foundations","basic","personal_finance"
"You are a certified public accountant specialized in personal finance.","What is expense control?","Expense control is the systematic monitoring of money outflows.","en","foundations","basic","personal_finance"
"Eres contador especializado en planificación financiera personal.","¿Qué es el bienestar financiero?","El bienestar financiero es la sensación de seguridad respecto a la situación económica personal.","es","foundations","basic","personal_finance"
"You are a certified public accountant specialized in personal finance.","What is financial well-being?","Financial well-being is the sense of security regarding one's economic situation.","en","foundations","basic","personal_finance"
"Eres contador especializado en planificación financiera personal.","¿Qué es la responsabilidad financiera?","La responsabilidad financiera es actuar de manera prudente en decisiones económicas.","es","foundations","basic","personal_finance"
"You are a certified public accountant specialized in personal finance.","What is financial responsibility?","Financial responsibility is acting prudently in economic decisions.","en","foundations","basic","personal_finance"
"Eres contador especializado en planificación financiera personal.","¿Qué es la capacidad de ahorro?","La capacidad de ahorro es el margen del ingreso que puede reservarse después de cubrir gastos.","es","foundations","basic","personal_finance"
"You are a certified public accountant specialized in personal finance.","What is saving capacity?","Saving capacity is the portion of income that can be reserved after covering expenses.","en","foundations","basic","personal_finance"
"Eres contador especializado en planificación financiera personal.","¿Qué es el hábito financiero?","Un hábito financiero es una conducta repetitiva relacionada con el manejo del dinero.","es","foundations","basic","personal_finance"
"You are a certified public accountant specialized in personal finance.","What is a financial habit?","A financial habit is a repeated behavior related to money management.","en","foundations","basic","personal_finance"
"Eres contador especializado en planificación financiera personal.","¿Qué es el monitoreo financiero?","El monitoreo financiero es la revisión periódica de ingresos, gastos y metas.","es","foundations","basic","personal_finance"
"You are a certified public accountant specialized in personal finance.","What is financial monitoring?","Financial monitoring is the periodic review of income, expenses, and goals.","en","foundations","basic","personal_finance"
"Eres contador especializado en planificación financiera personal.","¿Qué es la estabilidad económica personal?","Es la condición en la que una persona mantiene control sostenido sobre su situación financiera.","es","foundations","basic","personal_finance"
"You are a certified public accountant specialized in personal finance.","What is personal economic stability?","It is the condition in which an individual maintains sustained control over their financial situation.","en","foundations","basic","personal_finance"
"Eres contador especializado en planificación financiera personal.","¿Qué es la organización financiera?","La organización financiera es el proceso de estructurar ingresos, gastos y metas para mantener orden económico.","es","foundations","basic","personal_finance"
"You are a certified public accountant specialized in personal finance.","What is financial organization?","Financial organization is the process of structuring income, expenses, and goals to maintain economic order.","en","foundations","basic","personal_finance"
"Eres contador especializado en planificación financiera personal.","¿Qué es la toma de decisiones financieras?","Es el proceso de elegir entre alternativas considerando impacto económico.","es","foundations","basic","personal_finance"
"You are a certified public accountant specialized in personal finance.","What is financial decision-making?","It is the process of choosing between alternatives considering economic impact.","en","foundations","basic","personal_finance"
"Eres contador especializado en planificación financiera personal.","¿Qué es el consumo consciente?","El consumo consciente es gastar considerando necesidades reales y capacidad financiera.","es","foundations","basic","personal_finance"
"You are a certified public accountant specialized in personal finance.","What is conscious spending?","Conscious spending means using money based on real needs and financial capacity.","en","foundations","basic","personal_finance"
"Eres contador especializado en planificación financiera personal.","¿Qué es la previsión financiera?","La previsión financiera es anticipar necesidades económicas futuras y prepararse para ellas.","es","foundations","basic","personal_finance"
"You are a certified public accountant specialized in personal finance.","What is financial foresight?","Financial foresight is anticipating future economic needs and preparing for them.","en","foundations","basic","personal_finance"
"Eres contador especializado en planificación financiera personal.","¿Qué es la administración del dinero?","Es la gestión adecuada de ingresos y gastos para mantener estabilidad.","es","foundations","basic","personal_finance"
"You are a certified public accountant specialized in personal finance.","What is money management?","Money management is the proper handling of income and expenses to maintain stability.","en","foundations","basic","personal_finance"
"Eres contador especializado en planificación financiera personal.","¿Qué es la evaluación financiera personal?","Es el análisis periódico de la situación económica individual.","es","foundations","basic","personal_finance"
"You are a certified public accountant specialized in personal finance.","What is personal financial evaluation?","It is the periodic analysis of an individual's economic situation.","en","foundations","basic","personal_finance"
"Eres contador especializado en planificación financiera personal.","¿Qué es el compromiso financiero?","El compromiso financiero es la responsabilidad asumida al contraer obligaciones económicas.","es","foundations","basic","personal_finance"
"You are a certified public accountant specialized in personal finance.","What is financial commitment?","Financial commitment is the responsibility assumed when entering economic obligations.","en","foundations","basic","personal_finance"
"Eres contador especializado en planificación financiera personal.","¿Qué es la planeación de gastos?","Es la anticipación y distribución organizada de los gastos futuros.","es","foundations","basic","personal_finance"
"You are a certified public accountant specialized in personal finance.","What is expense planning?","It is the anticipation and organized allocation of future expenses.","en","foundations","basic","personal_finance"
"Eres contador especializado en planificación financiera personal.","¿Qué es el registro financiero?","El registro financiero es la documentación sistemática de movimientos económicos.","es","foundations","basic","personal_finance"
"You are a certified public accountant specialized in personal finance.","What is financial record-keeping?","Financial record-keeping is the systematic documentation of economic transactions.","en","foundations","basic","personal_finance"
"Eres contador especializado en planificación financiera personal.","¿Qué es la conciencia financiera?","La conciencia financiera es entender el impacto de las decisiones monetarias.","es","foundations","basic","personal_finance"
"You are a certified public accountant specialized in personal finance.","What is financial awareness?","Financial awareness is understanding the impact of monetary decisions.","en","foundations","basic","personal_finance"
"Eres contador especializado en planificación financiera personal.","¿Qué es la prioridad financiera?","Una prioridad financiera es un objetivo que requiere atención inmediata en el presupuesto.","es","foundations","basic","personal_finance"
"You are a certified public accountant specialized in personal finance.","What is a financial priority?","A financial priority is a goal requiring immediate attention within a budget.","en","foundations","basic","personal_finance"
"Eres contador especializado en planificación financiera personal.","¿Qué es la planificación mensual?","La planificación mensual es organizar ingresos y gastos dentro de un mes específico.","es","foundations","basic","personal_finance"
"You are a certified public accountant specialized in personal finance.","What is monthly financial planning?","Monthly financial planning is organizing income and expenses within a specific month.","en","foundations","basic","personal_finance"
"Eres contador especializado en planificación financiera personal.","¿Qué es el orden presupuestario?","El orden presupuestario es mantener coherencia entre ingresos, gastos y metas.","es","foundations","basic","personal_finance"
"You are a certified public accountant specialized in personal finance.","What is budget order?","Budget order is maintaining consistency between income, expenses, and goals.","en","foundations","basic","personal_finance"
"Eres contador especializado en planificación financiera personal.","¿Qué es el ahorro sistemático?","El ahorro sistemático es reservar dinero de manera regular y planificada.","es","foundations","basic","personal_finance"
"You are a certified public accountant specialized in personal finance.","What is systematic saving?","Systematic saving is setting aside money regularly in a planned manner.","en","foundations","basic","personal_finance"
"Eres contador especializado en planificación financiera personal.","¿Qué es el seguimiento presupuestario?","Es la revisión continua del cumplimiento del presupuesto establecido.","es","foundations","basic","personal_finance"
"You are a certified public accountant specialized in personal finance.","What is budget tracking?","It is the continuous review of adherence to the established budget.","en","foundations","basic","personal_finance"
"Eres contador especializado en planificación financiera personal.","¿Qué es la estabilidad presupuestaria?","Es la condición en la que el presupuesto mantiene equilibrio constante.","es","foundations","basic","personal_finance"
"You are a certified public accountant specialized in personal finance.","What is budget stability?","It is the condition in which a budget maintains consistent balance.","en","foundations","basic","personal_finance"
"Eres contador especializado en planificación financiera personal.","¿Qué es la gestión económica personal?","Es la administración eficiente de recursos financieros individuales.","es","foundations","basic","personal_finance"
"You are a certified public accountant specialized in personal finance.","What is personal economic management?","It is the efficient administration of individual financial resources.","en","foundations","basic","personal_finance"
"Eres contador especializado en planificación financiera personal.","¿Qué es la autosuficiencia financiera?","La autosuficiencia financiera es la capacidad de cubrir necesidades económicas con recursos propios.","es","foundations","basic","personal_finance"
"You are a certified public accountant specialized in personal finance.","What is financial self-sufficiency?","Financial self-sufficiency is the ability to meet economic needs using one's own resources.","en","foundations","basic","personal_finance"
"Eres contador especializado en planificación financiera personal.","¿Qué es la administración responsable del dinero?","Es el uso prudente y planificado de los recursos financieros disponibles.","es","foundations","basic","personal_finance"
"You are a certified public accountant specialized in personal finance.","What is responsible money management?","It is the prudent and planned use of available financial resources.","en","foundations","basic","personal_finance"
"Eres contador especializado en planificación financiera personal.","¿Qué es el equilibrio entre ingresos y gastos?","Es la situación en la que los ingresos son suficientes para cubrir los gastos sin déficit.","es","foundations","basic","personal_finance"
"You are a certified public accountant specialized in personal finance.","What is balance between income and expenses?","It is the situation where income is sufficient to cover expenses without deficit.","en","foundations","basic","personal_finance"
"Eres contador especializado en planificación financiera personal.","¿Qué es la previsión de gastos?","Es la estimación anticipada de desembolsos futuros.","es","foundations","basic","personal_finance"
"You are a certified public accountant specialized in personal finance.","What is expense forecasting?","It is the advance estimation of future expenditures.","en","foundations","basic","personal_finance"
"Eres contador especializado en planificación financiera personal.","¿Qué es la organización presupuestaria?","Es la estructuración ordenada de ingresos y gastos dentro de un plan financiero.","es","foundations","basic","personal_finance"
"You are a certified public accountant specialized in personal finance.","What is budget organization?","It is the structured arrangement of income and expenses within a financial plan.","en","foundations","basic","personal_finance"
"Eres contador especializado en planificación financiera personal.","¿Qué es la revisión financiera periódica?","Es el análisis regular de la situación económica personal.","es","foundations","basic","personal_finance"
"You are a certified public accountant specialized in personal finance.","What is periodic financial review?","It is the regular analysis of one's personal economic situation.","en","foundations","basic","personal_finance"
"Eres contador especializado en planificación financiera personal.","¿Qué es la capacidad económica?","La capacidad económica es el nivel de recursos disponibles para satisfacer necesidades.","es","foundations","basic","personal_finance"
"You are a certified public accountant specialized in personal finance.","What is economic capacity?","Economic capacity is the level of resources available to meet needs.","en","foundations","basic","personal_finance"
"Eres contador especializado en planificación financiera personal.","¿Qué es el control presupuestario básico?","Es la supervisión elemental del cumplimiento de un presupuesto.","es","foundations","basic","personal_finance"
"You are a certified public accountant specialized in personal finance.","What is basic budget control?","It is the fundamental monitoring of adherence to a budget.","en","foundations","basic","personal_finance"
"Eres contador especializado en planificación financiera personal.","¿Qué es la planificación anual?","Es la organización de metas financieras dentro de un año.","es","foundations","basic","personal_finance"
"You are a certified public accountant specialized in personal finance.","What is annual financial planning?","It is the organization of financial goals within one year.","en","foundations","basic","personal_finance"
"Eres contador especializado en planificación financiera personal.","¿Qué es la cultura financiera?","La cultura financiera es el conjunto de hábitos y conocimientos relacionados con el dinero.","es","foundations","basic","personal_finance"
"You are a certified public accountant specialized in personal finance.","What is financial culture?","Financial culture is the set of habits and knowledge related to money management.","en","foundations","basic","personal_finance"
"Eres contador especializado en planificación financiera personal.","¿Qué es la sostenibilidad financiera personal?","Es la capacidad de mantener estabilidad económica a lo largo del tiempo.","es","foundations","basic","personal_finance"
"You are a certified public accountant specialized in personal finance.","What is personal financial sustainability?","It is the ability to maintain economic stability over time.","en","foundations","basic","personal_finance"
"Eres contador especializado en planificación financiera personal.","¿Qué es la organización de metas financieras?","Es el proceso de estructurar objetivos económicos por prioridad y plazo.","es","foundations","basic","personal_finance"
"You are a certified public accountant specialized in personal finance.","What is organizing financial goals?","It is the process of structuring economic objectives by priority and timeframe.","en","foundations","basic","personal_finance"
"Eres contador especializado en planificación financiera personal.","¿Qué es la disciplina presupuestaria?","Es el compromiso de respetar los límites establecidos en un presupuesto.","es","foundations","basic","personal_finance"
"You are a certified public accountant specialized in personal finance.","What is budget discipline?","It is the commitment to respect the limits set within a budget.","en","foundations","basic","personal_finance"
"Eres contador especializado en planificación financiera personal.","¿Qué es la eficiencia financiera?","Es el uso óptimo de recursos económicos para maximizar resultados.","es","foundations","basic","personal_finance"
"You are a certified public accountant specialized in personal finance.","What is financial efficiency?","It is the optimal use of economic resources to maximize results.","en","foundations","basic","personal_finance"
"Eres contador especializado en planificación financiera personal.","¿Qué es la claridad financiera?","Es la comprensión precisa de la situación económica personal.","es","foundations","basic","personal_finance"
"You are a certified public accountant specialized in personal finance.","What is financial clarity?","It is the accurate understanding of one's financial situation.","en","foundations","basic","personal_finance"
"Eres contador especializado en planificación financiera personal.","¿Qué es el orden financiero personal?","Es mantener estructura y control en las decisiones económicas.","es","foundations","basic","personal_finance"
"You are a certified public accountant specialized in personal finance.","What is personal financial order?","It is maintaining structure and control in economic decisions.","en","foundations","basic","personal_finance"
"Eres contador especializado en planificación financiera personal.","¿Qué es la seguridad financiera?","La seguridad financiera es la condición en la que una persona puede cubrir sus necesidades sin incertidumbre económica significativa.","es","foundations","basic","personal_finance"
"You are a certified public accountant specialized in personal finance.","What is financial security?","Financial security is the condition in which an individual can meet their needs without significant economic uncertainty.","en","foundations","basic","personal_finance"
"Eres contador especializado en planificación financiera personal.","¿Qué es la planificación de ingresos?","Es la organización anticipada de cómo se utilizarán los ingresos futuros.","es","foundations","basic","personal_finance"
"You are a certified public accountant specialized in personal finance.","What is income planning?","It is the advance organization of how future income will be used.","en","foundations","basic","personal_finance"
"Eres contador especializado en planificación financiera personal.","¿Qué es la organización de gastos personales?","Es el proceso de clasificar y estructurar los gastos para mantener control financiero.","es","foundations","basic","personal_finance"
"You are a certified public accountant specialized in personal finance.","What is organizing personal expenses?","It is the process of classifying and structuring expenses to maintain financial control.","en","foundations","basic","personal_finance"
"Eres contador especializado en planificación financiera personal.","¿Qué es la responsabilidad presupuestaria?","Es el compromiso de administrar los recursos conforme a un plan financiero establecido.","es","foundations","basic","personal_finance"
"You are a certified public accountant specialized in personal finance.","What is budget responsibility?","It is the commitment to manage resources according to an established financial plan.","en","foundations","basic","personal_finance"
"Eres contador especializado en planificación financiera personal.","¿Qué es la evaluación de metas financieras?","Es el análisis del progreso hacia los objetivos económicos establecidos.","es","foundations","basic","personal_finance"
"You are a certified public accountant specialized in personal finance.","What is evaluating financial goals?","It is the analysis of progress toward established economic objectives.","en","foundations","basic","personal_finance"
"Eres contador especializado en planificación financiera personal.","¿Qué es el control del ingreso personal?","Es la supervisión de las fuentes y estabilidad de los ingresos recibidos.","es","foundations","basic","personal_finance"
"You are a certified public accountant specialized in personal finance.","What is personal income control?","It is the monitoring of income sources and their stability.","en","foundations","basic","personal_finance"
"Eres contador especializado en planificación financiera personal.","¿Qué es la administración de recursos financieros?","Es la gestión eficiente de dinero y activos disponibles.","es","foundations","basic","personal_finance"
"You are a certified public accountant specialized in personal finance.","What is financial resource management?","It is the efficient management of available money and assets.","en","foundations","basic","personal_finance"
"Eres contador especializado en planificación financiera personal.","¿Qué es la toma de conciencia presupuestaria?","Es la comprensión del impacto de cada gasto dentro del presupuesto.","es","foundations","basic","personal_finance"
"You are a certified public accountant specialized in personal finance.","What is budget awareness?","It is understanding the impact of each expense within a budget.","en","foundations","basic","personal_finance"
"Eres contador especializado en planificación financiera personal.","¿Qué es el orden en las finanzas personales?","Es mantener estructura y disciplina en el manejo del dinero.","es","foundations","basic","personal_finance"
"You are a certified public accountant specialized in personal finance.","What is order in personal finance?","It is maintaining structure and discipline in money management.","en","foundations","basic","personal_finance"
"Eres contador especializado en planificación financiera personal.","¿Qué es la coherencia financiera?","Es la alineación entre ingresos, gastos y metas económicas.","es","foundations","basic","personal_finance"
"You are a certified public accountant specialized in personal finance.","What is financial coherence?","It is the alignment between income, expenses, and economic goals.","en","foundations","basic","personal_finance"
"Eres contador especializado en planificación financiera personal.","¿Qué es la organización económica personal?","Es la estructuración sistemática de decisiones relacionadas con el dinero.","es","foundations","basic","personal_finance"
"You are a certified public accountant specialized in personal finance.","What is personal economic organization?","It is the systematic structuring of money-related decisions.","en","foundations","basic","personal_finance"
"Eres contador especializado en planificación financiera personal.","¿Qué es la estabilidad presupuestaria personal?","Es la capacidad de mantener equilibrio constante en ingresos y gastos.","es","foundations","basic","personal_finance"
"You are a certified public accountant specialized in personal finance.","What is personal budget stability?","It is the ability to maintain consistent balance between income and expenses.","en","foundations","basic","personal_finance"
"Eres contador especializado en planificación financiera personal.","¿Qué es la disciplina económica?","Es la práctica constante de tomar decisiones prudentes con el dinero.","es","foundations","basic","personal_finance"
"You are a certified public accountant specialized in personal finance.","What is economic discipline?","It is the consistent practice of making prudent financial decisions.","en","foundations","basic","personal_finance"
"Eres contador especializado en planificación financiera personal.","¿Qué es la planificación responsable del dinero?","Es el diseño consciente de estrategias para administrar ingresos y gastos.","es","foundations","basic","personal_finance"
"You are a certified public accountant specialized in personal finance.","What is responsible financial planning?","It is the conscious design of strategies to manage income and expenses.","en","foundations","basic","personal_finance"
"Eres contador especializado en planificación financiera personal.","¿Qué es la gestión básica del patrimonio?","Es el manejo elemental de activos y obligaciones personales.","es","foundations","basic","personal_finance"
"You are a certified public accountant specialized in personal finance.","What is basic wealth management?","It is the fundamental handling of personal assets and obligations.","en","foundations","basic","personal_finance"
"Eres contador especializado en planificación financiera personal.","¿Qué es la organización del flujo de efectivo?","Es la estructuración ordenada de entradas y salidas de dinero.","es","foundations","basic","personal_finance"
"You are a certified public accountant specialized in personal finance.","What is organizing cash flow?","It is the structured arrangement of money inflows and outflows.","en","foundations","basic","personal_finance"
"Eres contador especializado en planificación financiera personal.","¿Qué es la administración básica de ingresos?","Es la gestión inicial y organizada del dinero recibido.","es","foundations","basic","personal_finance"
"You are a certified public accountant specialized in personal finance.","What is basic income management?","It is the initial and organized management of received money.","en","foundations","basic","personal_finance"
"Eres contador especializado en planificación financiera personal.","¿Qué es la prudencia financiera?","Es actuar con cautela y análisis antes de tomar decisiones económicas.","es","foundations","basic","personal_finance"
"You are a certified public accountant specialized in personal finance.","What is financial prudence?","It is acting with caution and analysis before making economic decisions.","en","foundations","basic","personal_finance"
"Eres contador especializado en planificación financiera personal.","¿Qué es la organización financiera básica?","Es la estructuración elemental de ingresos, gastos y metas.","es","foundations","basic","personal_finance"
"You are a certified public accountant specialized in personal finance.","What is basic financial organization?","It is the fundamental structuring of income, expenses, and goals.","en","foundations","basic","personal_finance"
"Eres una maestra de primaria enseñando a niños su primera lección sobre qué es el dinero.","¿Qué es el dinero?","El dinero es algo que usamos para comprar cosas que necesitamos o queremos, como comida, ropa o juguetes.","es","foundations","basic","personal_finance"
"You are an elementary school teacher giving children their first lesson about what money is.","What is money?","Money is something we use to buy things we need or want, like food, clothes, or toys.","en","foundations","basic","personal_finance"
"Eres una maestra de primaria enseñando a niños su primera lección sobre qué es el dinero.","¿Para qué sirve el dinero?","El dinero sirve para intercambiarlo por cosas, como cuando pagas por una merienda o un cuaderno.","es","foundations","basic","personal_finance"
"You are an elementary school teacher giving children their first lesson about what money is.","What is money used for?","Money is used to exchange for things, like when you pay for a snack or a notebook.","en","foundations","basic","personal_finance"
"Eres una maestra de primaria enseñando a niños su primera lección sobre qué es el dinero.","¿De dónde viene el dinero?","El dinero normalmente se obtiene cuando las personas trabajan y reciben un pago por su esfuerzo.","es","foundations","basic","personal_finance"
"You are an elementary school teacher giving children their first lesson about what money is.","Where does money come from?","Money usually comes from work, when people receive payment for their effort.","en","foundations","basic","personal_finance"
"Eres una maestra de primaria enseñando a niños su primera lección sobre qué es el dinero.","¿Qué significa ahorrar dinero?","Ahorrar dinero significa guardar una parte para usarla más adelante.","es","foundations","basic","personal_finance"
"You are an elementary school teacher giving children their first lesson about what money is.","What does it mean to save money?","Saving money means keeping part of it to use later.","en","foundations","basic","personal_finance"
"Eres una maestra de primaria enseñando a niños su primera lección sobre qué es el dinero.","¿Qué es gastar dinero?","Gastar dinero es usarlo para comprar algo.","es","foundations","basic","personal_finance"
"You are an elementary school teacher giving children their first lesson about what money is.","What does spending money mean?","Spending money means using it to buy something.","en","foundations","basic","personal_finance"
"Eres una maestra de primaria enseñando a niños su primera lección sobre qué es el dinero.","¿Por qué no debemos gastar todo el dinero?","Porque es importante guardar un poco para cuando lo necesitemos después.","es","foundations","basic","personal_finance"
"You are an elementary school teacher giving children their first lesson about what money is.","Why shouldn't we spend all our money?","Because it is important to keep some for when we need it later.","en","foundations","basic","personal_finance"
"Eres una maestra de primaria enseñando a niños su primera lección sobre qué es el dinero.","¿Qué es una alcancía?","Una alcancía es un lugar donde guardamos monedas o billetes para ahorrar.","es","foundations","basic","personal_finance"
"You are an elementary school teacher giving children their first lesson about what money is.","What is a piggy bank?","A piggy bank is a place where we keep coins or bills to save them.","en","foundations","basic","personal_finance"
"Eres una maestra de primaria enseñando a niños su primera lección sobre qué es el dinero.","¿Qué pasa si ahorramos poco a poco?","Si ahorramos poco a poco, después podemos comprar algo más grande.","es","foundations","basic","personal_finance"
"You are an elementary school teacher giving children their first lesson about what money is.","What happens if we save little by little?","If we save little by little, we can later buy something bigger.","en","foundations","basic","personal_finance"
"Eres una maestra de primaria enseñando a niños su primera lección sobre qué es el dinero.","¿Qué es una necesidad?","Una necesidad es algo importante que debemos tener, como comida o agua.","es","foundations","basic","personal_finance"
"You are an elementary school teacher giving children their first lesson about what money is.","What is a need?","A need is something important we must have, like food or water.","en","foundations","basic","personal_finance"
"Eres una maestra de primaria enseñando a niños su primera lección sobre qué es el dinero.","¿Qué es un deseo?","Un deseo es algo que queremos pero que no es indispensable, como un juguete nuevo.","es","foundations","basic","personal_finance"
"You are an elementary school teacher giving children their first lesson about what money is.","What is a want?","A want is something we would like to have but do not truly need, like a new toy.","en","foundations","basic","personal_finance"
"Eres una maestra de primaria enseñando a niños su primera lección sobre qué es el dinero.","¿Qué son las monedas?","Las monedas son pequeñas piezas de metal que usamos como dinero para pagar cosas.","es","foundations","basic","personal_finance"
"You are an elementary school teacher giving children their first lesson about what money is.","What are coins?","Coins are small pieces of metal that we use as money to pay for things.","en","foundations","basic","personal_finance"
"Eres una maestra de primaria enseñando a niños su primera lección sobre qué es el dinero.","¿Qué son los billetes?","Los billetes son papeles especiales que representan dinero y sirven para comprar cosas.","es","foundations","basic","personal_finance"
"You are an elementary school teacher giving children their first lesson about what money is.","What are bills?","Bills are special pieces of paper that represent money and help us buy things.","en","foundations","basic","personal_finance"
"Eres una maestra de primaria enseñando a niños su primera lección sobre qué es el dinero.","¿Por qué es importante el dinero?","El dinero es importante porque nos ayuda a conseguir lo que necesitamos.","es","foundations","basic","personal_finance"
"You are an elementary school teacher giving children their first lesson about what money is.","Why is money important?","Money is important because it helps us get what we need.","en","foundations","basic","personal_finance"
"Eres una maestra de primaria enseñando a niños su primera lección sobre qué es el dinero.","¿Qué significa ganar dinero?","Ganar dinero significa recibirlo por hacer un trabajo o ayudar en algo.","es","foundations","basic","personal_finance"
"You are an elementary school teacher giving children their first lesson about what money is.","What does it mean to earn money?","Earning money means receiving it for doing work or helping with something.","en","foundations","basic","personal_finance"
"Eres una maestra de primaria enseñando a niños su primera lección sobre qué es el dinero.","¿Qué es pagar?","Pagar es entregar dinero para recibir algo a cambio.","es","foundations","basic","personal_finance"
"You are an elementary school teacher giving children their first lesson about what money is.","What does it mean to pay?","To pay means giving money in exchange for something.","en","foundations","basic","personal_finance"
"Eres una maestra de primaria enseñando a niños su primera lección sobre qué es el dinero.","¿Qué es comprar?","Comprar es obtener algo dando dinero a cambio.","es","foundations","basic","personal_finance"
"You are an elementary school teacher giving children their first lesson about what money is.","What does it mean to buy?","To buy means getting something by giving money for it.","en","foundations","basic","personal_finance"
"Eres una maestra de primaria enseñando a niños su primera lección sobre qué es el dinero.","¿Qué significa ahorrar para algo especial?","Significa guardar dinero poco a poco hasta tener suficiente.","es","foundations","basic","personal_finance"
"You are an elementary school teacher giving children their first lesson about what money is.","What does it mean to save for something special?","It means keeping money little by little until you have enough.","en","foundations","basic","personal_finance"
"Eres una maestra de primaria enseñando a niños su primera lección sobre qué es el dinero.","¿Qué es una tienda?","Una tienda es un lugar donde compramos cosas usando dinero.","es","foundations","basic","personal_finance"
"You are an elementary school teacher giving children their first lesson about what money is.","What is a store?","A store is a place where we buy things using money.","en","foundations","basic","personal_finance"
"Eres una maestra de primaria enseñando a niños su primera lección sobre qué es el dinero.","¿Qué significa elegir antes de gastar?","Significa pensar bien antes de usar el dinero.","es","foundations","basic","personal_finance"
"You are an elementary school teacher giving children their first lesson about what money is.","What does it mean to choose before spending?","It means thinking carefully before using money.","en","foundations","basic","personal_finance"
"Eres una maestra de primaria enseñando a niños su primera lección sobre qué es el dinero.","¿Qué es compartir dinero?","Compartir dinero es usarlo para ayudar o apoyar a otras personas.","es","foundations","basic","personal_finance"
"You are an elementary school teacher giving children their first lesson about what money is.","What does sharing money mean?","Sharing money means using it to help or support others.","en","foundations","basic","personal_finance"
"Eres una maestra de primaria enseñando a niños su primera lección sobre qué es el dinero.","¿Qué es cuidar el dinero?","Cuidar el dinero es usarlo con responsabilidad y no desperdiciarlo.","es","foundations","basic","personal_finance"
"You are an elementary school teacher giving children their first lesson about what money is.","What does it mean to take care of money?","It means using money responsibly and not wasting it.","en","foundations","basic","personal_finance"
"Eres una maestra de primaria enseñando a niños su primera lección sobre qué es el dinero.","¿Qué es una meta de ahorro?","Es algo que quieres comprar y para lo cual guardas dinero.","es","foundations","basic","personal_finance"
"You are an elementary school teacher giving children their first lesson about what money is.","What is a savings goal?","It is something you want to buy and save money for.","en","foundations","basic","personal_finance"
"Eres una maestra de primaria enseñando a niños su primera lección sobre qué es el dinero.","¿Por qué debemos pensar antes de comprar?","Porque así usamos mejor nuestro dinero.","es","foundations","basic","personal_finance"
"You are an elementary school teacher giving children their first lesson about what money is.","Why should we think before buying?","Because that helps us use our money wisely.","en","foundations","basic","personal_finance"
"Eres una maestra de primaria enseñando a niños su primera lección sobre qué es el dinero.","¿Qué es un precio?","El precio es la cantidad de dinero que cuesta algo.","es","foundations","basic","personal_finance"
"You are an elementary school teacher giving children their first lesson about what money is.","What is a price?","A price is the amount of money something costs.","en","foundations","basic","personal_finance"
"Eres una maestra de primaria enseñando a niños su primera lección sobre qué es el dinero.","¿Qué significa juntar monedas?","Significa guardar varias monedas hasta tener más dinero.","es","foundations","basic","personal_finance"
"You are an elementary school teacher giving children their first lesson about what money is.","What does it mean to collect coins?","It means saving many coins until you have more money.","en","foundations","basic","personal_finance"
"Eres una maestra de primaria enseñando a niños su primera lección sobre qué es el dinero.","¿Qué significa administrar el dinero?","Administrar el dinero es decidir cómo usarlo de forma inteligente.","es","foundations","basic","personal_finance"
"You are an elementary school teacher giving children their first lesson about what money is.","What does it mean to manage money?","Managing money means deciding how to use it wisely.","en","foundations","basic","personal_finance"
"Eres una maestra de primaria enseñando a niños su primera lección sobre qué es el dinero.","¿Qué es trabajar?","Trabajar es hacer una actividad para recibir dinero a cambio.","es","foundations","basic","personal_finance"
"You are an elementary school teacher giving children their first lesson about what money is.","What is working?","Working means doing an activity to receive money in return.","en","foundations","basic","personal_finance"
"Eres una maestra de primaria enseñando a niños su primera lección sobre qué es el dinero.","¿Qué es un salario?","Un salario es el dinero que una persona recibe por su trabajo.","es","foundations","basic","personal_finance"
"You are an elementary school teacher giving children their first lesson about what money is.","What is a salary?","A salary is the money a person receives for their work.","en","foundations","basic","personal_finance"
"Eres una maestra de primaria enseñando a niños su primera lección sobre qué es el dinero.","¿Qué significa gastar con cuidado?","Significa usar el dinero solo en cosas importantes o necesarias.","es","foundations","basic","personal_finance"
"You are an elementary school teacher giving children their first lesson about what money is.","What does spending carefully mean?","It means using money only on important or necessary things.","en","foundations","basic","personal_finance"
"Eres una maestra de primaria enseñando a niños su primera lección sobre qué es el dinero.","¿Qué es un ahorro pequeño?","Es guardar una cantidad pequeña de dinero cada vez.","es","foundations","basic","personal_finance"
"You are an elementary school teacher giving children their first lesson about what money is.","What is a small saving?","It is keeping a small amount of money each time.","en","foundations","basic","personal_finance"
"Eres una maestra de primaria enseñando a niños su primera lección sobre qué es el dinero.","¿Qué significa esperar para comprar?","Significa no comprar algo de inmediato y ahorrar primero.","es","foundations","basic","personal_finance"
"You are an elementary school teacher giving children their first lesson about what money is.","What does waiting to buy mean?","It means not buying something right away and saving first.","en","foundations","basic","personal_finance"
"Eres una maestra de primaria enseñando a niños su primera lección sobre qué es el dinero.","¿Qué es una compra inteligente?","Es comprar algo que realmente necesitas y que tiene buen precio.","es","foundations","basic","personal_finance"
"You are an elementary school teacher giving children their first lesson about what money is.","What is a smart purchase?","It is buying something you truly need at a good price.","en","foundations","basic","personal_finance"
"Eres una maestra de primaria enseñando a niños su primera lección sobre qué es el dinero.","¿Qué es guardar dinero en el banco?","Es poner tu dinero en un lugar seguro para no perderlo.","es","foundations","basic","personal_finance"
"You are an elementary school teacher giving children their first lesson about what money is.","What does saving money in a bank mean?","It means putting your money in a safe place so you do not lose it.","en","foundations","basic","personal_finance"
"Eres una maestra de primaria enseñando a niños su primera lección sobre qué es el dinero.","¿Qué significa planear antes de gastar?","Significa pensar y decidir cómo usar tu dinero antes de hacerlo.","es","foundations","basic","personal_finance"
"You are an elementary school teacher giving children their first lesson about what money is.","What does planning before spending mean?","It means thinking and deciding how to use your money before doing it.","en","foundations","basic","personal_finance"
"Eres una maestra de primaria enseñando a niños su primera lección sobre qué es el dinero.","¿Qué es una decisión responsable con el dinero?","Es elegir cómo usar el dinero sin desperdiciarlo.","es","foundations","basic","personal_finance"
"You are an elementary school teacher giving children their first lesson about what money is.","What is a responsible money decision?","It is choosing how to use money without wasting it.","en","foundations","basic","personal_finance"
"Eres una maestra de primaria enseñando a niños su primera lección sobre qué es el dinero.","¿Qué significa comparar precios?","Significa mirar cuánto cuesta algo en diferentes lugares antes de comprar.","es","foundations","basic","personal_finance"
"You are an elementary school teacher giving children their first lesson about what money is.","What does comparing prices mean?","It means checking how much something costs in different places before buying.","en","foundations","basic","personal_finance"
"Eres una maestra de primaria enseñando a niños su primera lección sobre qué es el dinero.","¿Qué es una recompensa por ahorrar?","Es poder comprar algo especial después de guardar dinero.","es","foundations","basic","personal_finance"
"You are an elementary school teacher giving children their first lesson about what money is.","What is a reward for saving?","It is being able to buy something special after saving money.","en","foundations","basic","personal_finance"
"Eres una maestra de primaria enseñando a niños su primera lección sobre qué es el dinero.","¿Por qué es bueno ahorrar?","Porque nos ayuda a estar preparados para el futuro.","es","foundations","basic","personal_finance"
"You are an elementary school teacher giving children their first lesson about what money is.","Why is saving good?","Because it helps us be prepared for the future.","en","foundations","basic","personal_finance"
"Eres una maestra de primaria enseñando a niños su primera lección sobre qué es el dinero.","¿Qué significa usar el dinero con responsabilidad?","Significa pensar en el futuro antes de gastarlo.","es","foundations","basic","personal_finance"
"You are an elementary school teacher giving children their first lesson about what money is.","What does using money responsibly mean?","It means thinking about the future before spending it.","en","foundations","basic","personal_finance"
"Eres una maestra de primaria enseñando a niños su primera lección sobre qué es el dinero.","¿Qué es una buena decisión de compra?","Es elegir algo útil y que esté dentro de tu presupuesto.","es","foundations","basic","personal_finance"
"You are an elementary school teacher giving children their first lesson about what money is.","What is a good buying decision?","It is choosing something useful that fits your budget.","en","foundations","basic","personal_finance"
"Eres una maestra de primaria enseñando a niños su primera lección sobre qué es el dinero.","¿Qué es aprender a manejar el dinero?","Es saber cómo ahorrar, gastar y cuidar tu dinero.","es","foundations","basic","personal_finance"
"You are an elementary school teacher giving children their first lesson about what money is.","What does learning to manage money mean?","It means knowing how to save, spend, and take care of your money.","en","foundations","basic","personal_finance"
"Eres una maestra de primaria enseñando a niños su primera lección sobre qué es el dinero.","¿Qué es pensar antes de gastar dinero?","Es hacer una pausa y decidir si realmente lo necesitas.","es","foundations","basic","personal_finance"
"You are an elementary school teacher giving children their first lesson about what money is.","What does thinking before spending mean?","It means pausing and deciding if you truly need it.","en","foundations","basic","personal_finance"
"Eres contador especializado en planificación financiera personal.","¿Por qué es importante tener un fondo de emergencia?","Un fondo de emergencia es importante porque permite cubrir gastos imprevistos como desempleo, emergencias médicas o reparaciones urgentes sin recurrir a deudas. Proporciona estabilidad financiera y reduce el estrés ante situaciones inesperadas.","es","emergency_fund","basic","personal_finance"
"You are a certified public accountant specialized in personal finance.","Why is it important to have an emergency fund?","An emergency fund is important because it allows you to cover unexpected expenses such as job loss, medical emergencies, or urgent repairs without relying on debt. It provides financial stability and reduces stress during unforeseen situations.","en","emergency_fund","basic","personal_finance"
"Eres contador especializado en planificación financiera personal.","¿Cuánto debería ahorrar en un fondo de emergencia?","Generalmente se recomienda ahorrar entre tres y seis meses de gastos básicos. Este monto ofrece un colchón financiero suficiente para afrontar imprevistos sin afectar la estabilidad económica.","es","emergency_fund","intermediate","personal_finance"
"You are a certified public accountant specialized in personal finance.","How much should I save in an emergency fund?","It is generally recommended to save between three and six months of essential expenses. This amount provides a sufficient financial cushion to handle unexpected events without compromising economic stability.","en","emergency_fund","intermediate","personal_finance"
"Eres contador especializado en planificación financiera personal.","¿Qué gastos cubre un fondo de emergencia?","Un fondo de emergencia debe cubrir gastos esenciales como vivienda, alimentación, servicios básicos, transporte y atención médica. No está destinado a compras discrecionales ni inversiones.","es","emergency_fund","intermediate","personal_finance"
"You are a certified public accountant specialized in personal finance.","What expenses should an emergency fund cover?","An emergency fund should cover essential expenses such as housing, food, utilities, transportation, and medical care. It is not intended for discretionary spending or investments.","en","emergency_fund","intermediate","personal_finance"
"Eres contador especializado en planificación financiera personal.","¿Dónde conviene guardar el fondo de emergencia?","El fondo de emergencia debe mantenerse en instrumentos líquidos y de bajo riesgo, como una cuenta de ahorro o un fondo de mercado monetario, que permitan acceso inmediato sin pérdida significativa de capital.","es","emergency_fund","advanced","personal_finance"
"You are a certified public accountant specialized in personal finance.","Where should I keep my emergency fund?","An emergency fund should be kept in liquid and low-risk instruments, such as a savings account or a money market fund, allowing immediate access without significant loss of capital.","en","emergency_fund","advanced","personal_finance"
"Eres contador especializado en planificación financiera personal.","¿Qué riesgos existen si no tengo un fondo de emergencia?","No contar con un fondo de emergencia puede obligar a recurrir a préstamos o tarjetas de crédito ante imprevistos, generando intereses elevados y deteriorando la salud financiera a largo plazo.","es","emergency_fund","intermediate","personal_finance"
"You are a certified public accountant specialized in personal finance.","What are the risks of not having an emergency fund?","Not having an emergency fund may force you to rely on loans or credit cards during unexpected events, leading to high interest costs and long-term financial instability.","en","emergency_fund","intermediate","personal_finance"
